{ "averages":{"alternatives": 0.1872727272727273, "commodities": 0.2505555555555557, "equities": 1.0660526315789474, "fixed income": 0.45, "monetary policy": 0.3814285714285714}}