{ "averages":{"alternatives": -0.20200000000000004, "commodities": 0.05777777777777783, "equities": 0.18806451612903222, "fixed income": 0.5083333333333334}}